{"0.0": 0.6186647729481156, "1.0": 0.641587420287076, "2.0": 0.6662533291706861, "3.0": 0.6928577064791894, "4.0": 0.7216184375591107, "5.0": 0.7527816109510219, "6.0": 0.7866219451712424, "7.0": 0.8234546311038434, "8.0": 0.86383219667681, "9.0": 0.8994443716453736, "10.0": 0.9484450079634197, "11.0": 0.9821704262508731, "12.0": 0.9991318115217175, "13.0": 1.0147963614446036, "14.0": 1.0293961621803565, "15.0": 1.0437870927771573, "16.0": 1.0582713043496035, "17.0": 1.0682170412657266, "18.0": 1.0686545157978329, "19.0": 1.0665809734651355, "20.0": 1.0642128615253896, "21.0": 1.0614863745370595, "22.0": 1.0584203753580066, "23.0": 1.0550655233887678, "24.0": 1.0515128860112135, "25.0": 1.0477615931932278, "26.0": 1.0436782888703433, "27.0": 1.0391946673008299, "28.0": 1.0343417915315445, "29.0": 1.029212762121594, "30.0": 1.0239217513329422, "31.0": 1.0185904065021272, "32.0": 1.0133482642377074, "33.0": 1.0083437789139027, "34.0": 1.0038304109148586, "35.0": 1.0000881096424536, "36.0": 0.9973945326230903, "37.0": 0.9959582388074029, "38.0": 0.9958845398939687, "39.0": 0.9972097327281413, "40.0": 1.0, "41.0": 1.0043288839667817, "42.0": 1.0101984735880625, "43.0": 1.0175310483729536, "44.0": 1.0261752215273792, "45.0": 1.0358753930949696, "46.0": 1.046333353901412, "47.0": 1.0572827094979236, "48.0": 1.0685090602212675, "49.0": 1.0798557397213022, "50.0": 1.0912395291204005, "51.0": 1.1026123540916195, "52.0": 1.1139326792659914, "53.0": 1.125082082339022, "54.0": 1.13602059398745, "55.0": 1.1467555644504859, "56.0": 1.1571697423344058, "57.0": 1.1671145522717585, "58.0": 1.1765721873953296, "59.0": 1.185566777176416, "60.0": 1.1939865868395834, "61.0": 1.201505657905203, "62.0": 1.2077664723339432, "63.0": 1.2126446796473795, "64.0": 1.2160586654666878, "65.0": 1.2180482330848703, "66.0": 1.2187936956430254, "67.0": 1.2184843217932495, "68.0": 1.2173686881517685, "69.0": 1.2156188705005417, "70.0": 1.213525368834691, "71.0": 1.212576932216186, "72.0": 1.2139602190011258, "73.0": 1.2178742213562697, "74.0": 1.2235471408852179, "75.0": 1.2303794587113237, "76.0": 1.2387758074561084, "77.0": 1.2490842620535152, "78.0": 1.260989964496274, "79.0": 1.2742528808448634, "80.0": 1.2889220830603576, "81.0": 1.3044311217240134, "82.0": 1.3202754343698235, "83.0": 1.3365167175506718, "84.0": 1.353197985872169, "85.0": 1.3703258238151623, "86.0": 1.3879204788313384, "87.0": 1.4060017535057683, "88.0": 1.4245852296053485}